mod_mass,total_psm_count,mod_mass_spec_id,code
15.994915,62111747,415,A[15.994915]
-128.094963,29270334,3,K of protein[-128.094963]
14.01565,11641769,384,C-term of peptide[14.01565]
57.021464,6764973,756,N-term of peptide[57.021464]
-18.010565,4630944,152,C-term of peptide[-18.010565]
-156.101111,3980079,0,R of peptide[-156.101111]
12.0,3593702,350,C/F/H/K/N-term of protein/R/W/Y[12.0]
-17.026549,3437476,168,Q[-17.026549]
27.994915,3056623,505,K[27.994915]
15.994915,3054922,408,V[15.994915]
42.010565,2965746,627,C[42.010565]
31.972071,2960001,548,A[31.972071]
15.994915,2924451,413,E[15.994915]
28.0313,2851118,514,C-term of peptide[28.0313]
-2.01565,2804432,230,K of peptide[-2.01565]
6.018427,2700875,318,M[6.018427]
79.956815,2590730,855,C/S/T/Y[79.956815]
40.0313,2341350,613,G[40.0313]
128.094963,2300571,1086,N-term of peptide[128.094963]
-17.026549,2202257,163,K[-17.026549]
43.005814,2032825,644,A[43.005814]
15.994915,2028083,411,L[15.994915]
15.994915,1944394,417,D[15.994915]
13.979265,1710048,366,T[13.979265]
15.994915,1700086,419,T[15.994915]
42.010565,1600926,620,S[42.010565]
-48.003371,1568416,59,M[-48.003371]
15.994915,1547845,412,S[15.994915]
15.994915,1519308,422,I[15.994915]
114.031694,1496019,1016,K[114.031694]
128.107539,1475708,1088,K/N-term of peptide[128.107539]
-17.026549,1445517,169,N[-17.026549]
58.005479,1413292,763,N-term of peptide[58.005479]
42.010565,1411110,621,K[42.010565]
47.984744,1406375,695,C/F/W/Y[47.984744]
42.010565,1340577,625,T[42.010565]
3.994915,1326499,293,W[3.994915]
151.996571,1314182,1221,C[151.996571]
42.04695,1314018,634,A[42.04695]
156.089878,1299467,1252,K[156.089878]
15.994915,1291974,420,N[15.994915]
27.994915,1258982,507,T[27.994915]
156.101111,1239917,1253,N-term of peptide[156.101111]
190.074228,1212209,1393,C[190.074228]
156.11503,1190839,1254,A/C/H/K/L/R[156.11503]
-17.026549,1177052,164,N-term of peptide[-17.026549]
27.994915,1146379,504,S[27.994915]
249.981018,1138058,1595,C-term of peptide/D/N-term of peptide[249.981018]
15.994915,1135585,409,Q[15.994915]
17.026549,1134252,437,C-term of peptide/D/E[17.026549]
42.04695,1096812,632,N-term of peptide[42.04695]
28.0313,1078833,516,H[28.0313]
15.994915,1049932,424,H[15.994915]
8.016319,1000290,328,E[8.016319]
144.10574,995584,1185,C[144.10574]
42.010565,991209,624,R[42.010565]
15.994915,970266,418,F[15.994915]
40.0313,960757,610,N-term of protein[40.0313]
3.994915,941847,294,P[3.994915]
15.994915,890637,421,Y[15.994915]
-41.026549,869959,79,Q[-41.026549]
15.994915,857035,425,W[15.994915]
183.035399,850885,1379,H/K/N-term of protein/S/Y[183.035399]
42.010565,843296,623,H[42.010565]
14.974514,841953,394,I[14.974514]
-14.01565,838953,190,A[-14.01565]
16.013542,836732,429,D[16.013542]
162.052824,832003,1292,C/K/N/N-term of peptide/R/S/T/W/Y[162.052824]
15.994915,769226,410,K[15.994915]
16.0313,745124,433,P[16.0313]
41.026549,721107,616,N-term of peptide[41.026549]
41.026549,701235,615,S[41.026549]
15.977156,681029,406,S[15.977156]
-1.979265,650088,232,T[-1.979265]
16.997557,627047,435,N[16.997557]
43.017047,598723,653,I/L[43.017047]
-2.01565,596040,227,V[-2.01565]
30.010565,593190,540,A[30.010565]
-15.010899,584098,185,N-term of peptide[-15.010899]
98.073165,576858,931,N-term of protein[98.073165]
31.989829,572072,559,E[31.989829]
301.986514,566471,1673,C-term of peptide/D/N-term of peptide[301.986514]
-42.010565,555488,76,E[-42.010565]
362.136553,555436,1810,C/K/N-term of peptide/P/R/S/Y[362.136553]
42.010565,540033,626,Y[42.010565]
-32.008456,534300,96,M[-32.008456]
15.010899,516711,399,D[15.010899]
-2.01565,495586,229,T[-2.01565]
119.004099,495302,1039,C[119.004099]
588.294785,487727,2001,C[588.294785]
197.04531,484549,1409,E[197.04531]
58.005479,481349,764,A[58.005479]
31.989829,472953,561,P[31.989829]
-28.006148,470819,116,R[-28.006148]
26.01565,459734,490,N-term of peptide[26.01565]
-16.0313,458743,173,I/L[-16.0313]
56.0626,458500,742,N-term of peptide[56.0626]
-2.01565,456581,226,C[-2.01565]
-57.021464,456139,46,N[-57.021464]
31.972071,453015,547,C[31.972071]
-2.01565,449629,225,M of protein[-2.01565]
31.989829,436829,549,L[31.989829]
-74.019021,423802,21,M[-74.019021]
-2.01565,421571,228,S[-2.01565]
31.972071,420734,544,D[31.972071]
31.989829,415299,552,W[31.989829]
-3.994915,414759,218,T[-3.994915]
5.956421,411610,310,P[5.956421]
0.984016,400026,251,R[0.984016]
-18.025821,399949,142,F[-18.025821]
31.972071,388896,545,W[31.972071]
28.990164,382262,524,V[28.990164]
44.985078,378100,675,F/W/Y[44.985078]
31.989829,359727,556,V[31.989829]
-10.020735,359488,208,P[-10.020735]
-33.987721,354471,89,C[-33.987721]
16.990164,339861,434,P[16.990164]
10.009502,338648,336,H[10.009502]
203.079373,334409,1417,C/N/S/T[203.079373]
-1.942879,332063,234,D[-1.942879]
14.999666,322760,396,N[14.999666]
34.063117,318827,580,K/N-term of protein/R[34.063117]
-1.997892,298734,231,M[-1.997892]
45.987721,298380,686,C[45.987721]
-29.992806,293544,107,M[-29.992806]
43.989829,289233,665,A[43.989829]
15.994915,288779,426,R[15.994915]
-13.06802,280002,197,K[-13.06802]
23.974848,278295,480,I/L[23.974848]
14.974514,273783,393,V[14.974514]
98.073165,270642,932,H[98.073165]
29.992806,270106,534,T[29.992806]
17.956421,264615,448,I/L[17.956421]
31.989829,262748,555,K[31.989829]
40.006148,261518,609,P[40.006148]
29.974179,259833,530,V[29.974179]
-71.037114,259437,27,Q[-71.037114]
406.158745,253211,1851,N/S/T[406.158745]
-20.026215,252727,137,C/S[-20.026215]
31.989829,249768,554,Y[31.989829]
-76.0313,249249,20,F[-76.0313]
-9.032697,245955,210,R[-9.032697]
-2.01565,242567,224,Y[-2.01565]
-72.021129,241872,24,E[-72.021129]
-30.010565,240467,102,D[-30.010565]
27.010899,238359,497,S[27.010899]
128.058578,233941,1085,D/E[128.058578]
92.997965,228822,915,C/H/K/S/T/Y[92.997965]
166.001457,228442,1325,C/H/K/Y[166.001457]
-42.021798,226284,75,R[-42.021798]
-92.026215,225756,10,Y[-92.026215]
12.036386,224707,354,S[12.036386]
14.999666,219154,397,Q[14.999666]
31.989829,218820,553,F[31.989829]
29.015316,217237,526,N/Q[29.015316]
-131.040485,215915,1,M of protein[-131.040485]
13.979265,214668,373,E[13.979265]
31.989829,213555,557,M[31.989829]
14.974514,213399,395,L[14.974514]
72.021129,212488,832,R[72.021129]
15.958529,211679,403,I[15.958529]
33.98435,210993,574,I/L[33.98435]
-26.052036,209446,125,I/L[-26.052036]
-90.04695,207564,11,F[-90.04695]
4.025107,205759,305,A/F/K/Y[4.025107]
74.019021,203779,837,G[74.019021]
-10.031969,202814,207,H[-10.031969]
13.979265,199814,371,A[13.979265]
31.972071,199671,546,V[31.972071]
161.068808,197417,1282,K/N/S/T/W[161.068808]
-15.994915,197279,179,D[-15.994915]
13.031634,196035,361,D[13.031634]
79.966331,195797,865,C/D/E/H/K/R[79.966331]
43.005814,195612,652,K[43.005814]
19.989829,193200,464,W[19.989829]
101.084064,192860,942,C/H/K[101.084064]
63.9619,192472,799,C[63.9619]
31.989829,187023,560,I[31.989829]
-32.041471,186406,94,F[-32.041471]
-2.981907,183665,221,M[-2.981907]
-16.013542,180826,175,M[-16.013542]
-8.016319,176958,213,H[-8.016319]
12.995249,175757,357,Y[12.995249]
-16.027929,174602,174,F[-16.027929]
31.989829,172751,558,R[31.989829]
-12.036386,172076,202,I[-12.036386]
54.010565,171794,722,K[54.010565]
77.987066,170560,851,S/T/Y[77.987066]
39.994915,168683,607,C of peptide[39.994915]
13.979265,165635,372,P[13.979265]
-22.031969,165256,135,H[-22.031969]
136.001656,164877,1128,S/T[136.001656]
-58.005479,163208,40,D[-58.005479]
-26.033409,159498,126,E[-26.033409]
231.147058,159320,1548,K/N-term of protein/S/T/Y[231.147058]
-42.04695,156405,72,I[-42.04695]
75.998285,155791,841,C[75.998285]
31.005814,154566,541,P[31.005814]
56.026215,154271,739,C[56.026215]
87.050655,153440,898,S/T[87.050655]
-15.994915,152461,177,S[-15.994915]
-26.01565,152215,127,P[-26.01565]
43.005814,150443,647,R[43.005814]
-57.032697,149249,44,R[-57.032697]
18.010565,149130,454,P[18.010565]
142.110613,149020,1167,H[142.110613]
-17.956421,148967,161,M[-17.956421]
14.96328,148961,392,K[14.96328]
154.074228,148916,1231,D/E[154.074228]
-16.990164,148904,171,N[-16.990164]
-42.04695,146915,73,L[-42.04695]
57.032697,144749,757,V[57.032697]
84.057515,143221,875,K[84.057515]
71.073499,143189,826,C[71.073499]
72.995249,143087,836,I/L[72.995249]
16.027929,143040,430,M[16.027929]
128.131349,142804,1089,Q[128.131349]
49.979265,142395,707,I/L[49.979265]
14.052036,142035,391,N[14.052036]
113.084064,140793,1012,K[113.084064]
13.979265,140023,369,S[13.979265]
45.987721,138365,685,N-term of peptide[45.987721]
165.05548,138312,1321,S/T/Y[165.05548]
15.994915,138084,428,C[15.994915]
-28.0313,137143,115,V[-28.0313]
387.127779,136262,1837,C-term of protein/E[387.127779]
48.036386,135022,701,D[48.036386]
70.041865,134794,817,K[70.041865]
18.025821,134054,455,E[18.025821]
129.042593,132178,1092,C-term of protein[129.042593]
27.994915,131890,503,N-term of protein[27.994915]
753.262796,131727,2094,C[753.262796]
-44.026215,131560,65,T[-44.026215]
-57.021464,131305,45,Q[-57.021464]
24.995249,130145,484,C[24.995249]
-13.031634,128923,198,Q[-13.031634]
13.979265,128565,368,L[13.979265]
41.001397,128524,614,F[41.001397]
58.041865,128465,769,C/H/K/N-term of protein[58.041865]
13.979265,128215,370,Q[13.979265]
129.057849,127459,1094,G[129.057849]
13.979265,127332,363,V[13.979265]
28.006148,126809,508,K[28.006148]
158.13068,126592,1265,C/H/K[158.13068]
-10.07488,125799,206,I/L[-10.07488]
-6.018427,124558,215,H[-6.018427]
178.039496,123760,1372,K/N-term of protein/S/T/Y[178.039496]
12.036386,122095,355,T[12.036386]
188.156501,121942,1390,C-term of peptide/N-term of peptide[188.156501]
59.019355,121037,774,S/T[59.019355]
116.997965,120737,1034,S/T/Y[116.997965]
6.962218,120407,323,R[6.962218]
33.987721,120313,575,P[33.987721]
26.004417,120299,489,H[26.004417]
383.228103,120299,1834,K[383.228103]
216.099774,119793,1460,C-term of peptide/D/N-term of peptide[216.099774]
-28.042534,119659,113,R[-28.042534]
-33.98435,118127,91,F[-33.98435]
26.01565,117088,491,H[26.01565]
150.041585,116896,1220,C/S[150.041585]
-1.961506,112185,233,C[-1.961506]
-27.010899,112009,123,N[-27.010899]
-44.059229,110509,64,F[-44.059229]
-17.992806,110182,159,C[-17.992806]
-40.0313,110081,80,P[-40.0313]
-25.049393,109082,131,Q[-25.049393]
-2.945522,108788,222,M[-2.945522]
-26.004417,108730,128,Y[-26.004417]
23.015984,108174,475,N[23.015984]
75.980527,107749,840,S/T[75.980527]
43.005814,107667,645,T[43.005814]
33.969094,107536,572,M[33.969094]
129.078979,106892,1095,K[129.078979]
71.037114,106201,821,N-term of peptide[71.037114]
162.125595,105108,1300,C-term of peptide/D/E/N-term of peptide[162.125595]
-9.000334,104557,211,H[-9.000334]
-15.958529,103981,182,D[-15.958529]
3.940771,102922,291,V[3.940771]
364.076278,101990,1813,A/E/K[364.076278]
88.016044,101783,903,K/N-term of protein[88.016044]
34.020735,101149,576,E[34.020735]
16.028204,101104,432,K/N-term of peptide[16.028204]
4.97893,100680,306,H[4.97893]
-27.994915,100244,118,D[-27.994915]
43.005814,100065,649,S[43.005814]
43.005814,99073,651,M[43.005814]
109.048119,97069,988,K/N-term of peptide[109.048119]
12.995249,96782,358,T[12.995249]
-12.995249,96086,199,N[-12.995249]
104.071154,95486,954,N[104.071154]
306.095082,95248,1703,C-term of peptide/D/N-term of peptide[306.095082]
656.227613,95169,2036,N/S/T[656.227613]
349.137281,94406,1793,N/S/T[349.137281]
2204.772441,94200,2768,N[2204.772441]
-14.01565,94069,192,E[-14.01565]
-4.986324,93222,217,M[-4.986324]
-6.962218,92651,214,Y[-6.962218]
-32.022844,92395,95,Y[-32.022844]
48.0,91931,699,V[48.0]
26.052036,91753,496,S[26.052036]
36.011233,91463,588,T[36.011233]
160.084792,91378,1273,H[160.084792]
-43.005814,90612,70,N[-43.005814]
133.019749,90321,1117,C[133.019749]
-14.974514,89363,188,N[-14.974514]
126.104465,89048,1078,C/S/T[126.104465]
19.009836,88938,461,Q[19.009836]
-19.042199,88753,139,R[-19.042199]
-14.999666,88116,186,E[-14.999666]
100.016044,87045,940,S[100.016044]
-15.994915,86726,176,T[-15.994915]
108.975121,86667,978,C/H/K/S/T/Y[108.975121]
-3.940771,86336,220,C[-3.940771]
10.020735,85558,337,S[10.020735]
159.932662,85141,1271,S/T[159.932662]
39.010899,84351,606,F[39.010899]
115.042199,84205,1028,A[115.042199]
25.979265,83134,488,N-term of peptide[25.979265]
13.979265,82983,364,I[13.979265]
12.962234,82914,356,F[12.962234]
37.990498,82546,603,V[37.990498]
83.070128,81659,873,C[83.070128]
33.951335,81398,569,L[33.951335]
42.021798,81353,631,K[42.021798]
50.01565,80958,708,P[50.01565]
87.032028,79631,896,K/N-term of peptide[87.032028]
92.026215,79089,910,A[92.026215]
234.073953,78764,1555,C-term of peptide/D/N-term of peptide[234.073953]
-14.01565,78455,193,L[-14.01565]
192.063388,77890,1397,K/N/Q/R/S/T[192.063388]
-27.058518,77669,120,R[-27.058518]
264.084518,76471,1617,S/T[264.084518]
-10.009502,76440,209,F[-10.009502]
-27.047285,75961,121,K[-27.047285]
584.263485,75413,1995,C[584.263485]
176.032088,74755,1361,N-term of protein/S/T[176.032088]
118.065674,73341,1037,C[118.065674]
78.966748,72408,853,C[78.966748]
380.147118,72208,1829,C/K/N-term of peptide/R/S/T/Y[380.147118]
0.984016,72052,253,F of protein[0.984016]
115.0667,71765,1029,K/N-term of protein[115.0667]
135.983029,71614,1126,N-term of peptide[135.983029]
-31.989829,71548,97,E[-31.989829]
31.989829,71301,551,C[31.989829]
15.010899,71033,401,E[15.010899]
136.028931,70567,1131,C/H/K/N-term of peptide/S/T/Y[136.028931]
60.036386,70216,784,S[60.036386]
62.01565,70016,794,K[62.01565]
123.974787,69463,1067,C/H/K/S/T/Y[123.974787]
12.017759,68616,353,C[12.017759]
99.079647,68451,936,G[99.079647]
128.047344,68303,1083,K[128.047344]
-59.048347,68261,36,R[-59.048347]
-99.079647,68111,7,R[-99.079647]
-56.0626,67980,47,I/L[-56.0626]
60.003371,67934,782,S[60.003371]
86.000394,67543,886,C/K/S[86.000394]
-23.015984,67454,133,H[-23.015984]
-11.033743,67303,204,N[-11.033743]
172.084792,66844,1347,C[172.084792]
-12.017759,66666,203,D[-12.017759]
-31.972071,66583,99,C[-31.972071]
15.958529,66372,405,L[15.958529]
-71.05237,66079,26,W[-71.05237]
72.036386,66006,833,N[72.036386]
15.958529,65580,404,V[15.958529]
163.04557,65369,1309,C/K/N-term of peptide[163.04557]
28.990164,64958,525,C[28.990164]
9.000334,64606,331,Q[9.000334]
-5.956421,64308,216,C[-5.956421]
17.974179,63356,449,P[17.974179]
27.058518,63283,501,E[27.058518]
1227.438847,63044,2355,N[1227.438847]
17.031558,62276,439,K/N-term of peptide[17.031558]
43.005814,62238,643,Y[43.005814]
71.073499,61948,825,G[71.073499]
-18.010565,61904,150,D[-18.010565]
107.997631,61567,976,N-term of peptide[107.997631]
146.057909,61327,1207,N/S/T[146.057909]
172.01289,61083,1343,K[172.01289]
-43.989829,60542,67,D[-43.989829]
-71.073499,60414,25,K[-71.073499]
71.05237,60023,824,D[71.05237]
276.055146,59406,1636,H/K/R/S/T/Y[276.055146]
672.222527,58954,2043,S/T[672.222527]
72.021129,58708,831,K[72.021129]
120.021129,58492,1042,C/H/K[120.021129]
-19.009836,58485,140,F[-19.009836]
-14.01565,58466,191,I[-14.01565]
95.943487,57505,922,S/T/Y[95.943487]
85.052764,57485,878,C[85.052764]
72.021129,57284,830,G[72.021129]
210.16198,56955,1432,C-term of peptide/D/N-term of peptide[210.16198]
-29.974179,56873,110,E[-29.974179]
1913.677025,56833,2723,N[1913.677025]
57.98435,56674,760,K[57.98435]
105.057849,56662,959,C[105.057849]
63.994915,56479,802,V[63.994915]
-28.0313,56439,114,M[-28.0313]
35.004751,55778,587,Q[35.004751]
-16.997557,55622,170,M[-16.997557]
99.068414,55447,935,C[99.068414]
43.042199,55283,655,C/C-term of peptide/D/E[43.042199]
-99.047285,54685,8,W[-99.047285]
-31.972071,54121,98,M[-31.972071]
56.026215,54067,734,K[56.026215]
314.188195,53922,1722,K/N-term of peptide[314.188195]
-31.005814,53659,101,Q[-31.005814]
-89.02992,53572,12,M of protein[-89.02992]
161.024228,53532,1276,C-term of peptide/D/E[161.024228]
-13.979265,53425,196,D[-13.979265]
-15.994915,53208,178,Y[-15.994915]
-15.977156,53067,180,C[-15.977156]
18.037835,52931,458,K/N-term of peptide/R[18.037835]
93.981981,52906,917,S/T/Y[93.981981]
39.994915,52871,608,R[39.994915]
63.979659,52678,800,W[63.979659]
730.264392,52455,2085,N/S/T[730.264392]
22.031969,52374,474,D[22.031969]
129.042593,52120,1093,C[129.042593]
13.979265,52113,367,W[13.979265]
42.058184,51855,642,N[42.058184]
114.042927,51743,1019,K[114.042927]
63.979659,51577,801,C[63.979659]
599.266339,51559,2006,K[599.266339]
1914.697426,50980,2726,N[1914.697426]
163.001791,50870,1304,C/K/R[163.001791]
258.085186,50442,1610,C-term of protein/E[258.085186]
68.0626,50386,810,K/N-term of peptide[68.0626]
-14.01565,49976,194,Q[-14.01565]
372.142033,49821,1824,C[372.142033]
29.026549,49752,528,V[29.026549]
755.296027,49487,2096,S/T[755.296027]
145.019749,49166,1190,K/N-term of protein[145.019749]
44.017274,48768,668,K/N-term of protein[44.017274]
37.031634,48683,596,C-term of peptide/D[37.031634]
119.037114,48535,1040,N-term of peptide[119.037114]
365.132196,48431,1816,N/S/T[365.132196]
31.042199,48231,542,P[31.042199]
-48.0,47834,60,F[-48.0]
70.07825,47659,819,Q[70.07825]
29.978202,47521,533,R[29.978202]
144.042259,47384,1172,K[144.042259]
13.06802,47276,362,D[13.06802]
-50.01565,47160,53,F[-50.01565]
97.016378,47158,929,C/K[97.016378]
1293.471879,46969,2389,C/K[1293.471879]
99.047285,46965,934,S[99.047285]
43.989829,46389,663,W[43.989829]
71.037114,46209,823,C[71.037114]
-46.020735,46064,61,F[-46.020735]
1225.459583,45917,2353,N/S/T[1225.459583]
143.058243,45856,1169,C/K[143.058243]
232.064354,45627,1551,C[232.064354]
1307.512681,45362,2406,S/T[1307.512681]
-43.053433,45291,68,R[-43.053433]
-14.01565,45254,195,T[-14.01565]
55.989829,45201,732,K[55.989829]
106.041865,44943,968,G[106.041865]
-25.085779,44404,129,K[-25.085779]
53.091927,44340,716,C[53.091927]
85.063997,43989,883,A[85.063997]
-25.060626,43746,130,R[-25.060626]
602.205815,43309,2011,S/T[602.205815]
-29.026549,42716,111,K[-29.026549]
70.041865,42695,818,C[70.041865]
66.010565,42454,804,Y[66.010565]
198.981352,42395,1411,C/W[198.981352]
-48.036386,42192,57,Y[-48.036386]
29.039125,41940,529,P[29.039125]
219.089543,41934,1487,N-term of protein[219.089543]
15.010899,41769,400,L[15.010899]
114.042927,41462,1020,S[114.042927]
329.05252,41347,1754,H/K/S/T/Y[329.05252]
209.018035,41337,1427,C[209.018035]
131.094629,41150,1100,C/H/K[131.094629]
-2.945522,40861,223,C[-2.945522]
-57.057849,40792,42,K[-57.057849]
-14.974514,40407,187,Q[-14.974514]
152.006087,40200,1226,C/H/K/S/T/Y[152.006087]
86.036779,40148,889,K[86.036779]
221.081695,39681,1504,C/D/E/H/K/N-term of peptide/S/T/Y[221.081695]
-41.074168,39574,77,R[-41.074168]
80.037448,39321,869,G[80.037448]
-45.987721,39095,63,C[-45.987721]
-115.042199,39090,5,W[-115.042199]
172.05243,39056,1345,C/K[172.05243]
228.111007,38559,1535,N[228.111007]
-60.003371,38534,35,M[-60.003371]
958.375399,38460,2203,S/T[958.375399]
44.008456,38286,666,S[44.008456]
248.19876,38041,1593,C-term of peptide/D/N-term of peptide[248.19876]
155.004099,37769,1242,C-term of peptide/D/E[155.004099]
58.020735,37696,768,Q[58.020735]
-14.052036,37556,189,K[-14.052036]
111.068414,37431,1007,C/H/Y[111.068414]
862.306651,37251,2159,N[862.306651]
-60.054144,37054,33,Y[-60.054144]
28.0313,36953,512,D[28.0313]
109.959137,36935,992,C/H/K/S/T/Y[109.959137]
175.030314,36795,1355,C[175.030314]
71.073499,36778,828,Q[71.073499]
107.013615,36662,969,S[107.013615]
136.088815,36101,1138,C/H/K[136.088815]
-8.963949,35966,212,H[-8.963949]
154.00311,35852,1229,S[154.00311]
1337.449137,35806,2419,N[1337.449137]
1216.422863,35780,2349,N[1216.422863]
8.963949,35406,330,K[8.963949]
210.00205,35075,1430,C[210.00205]
116.010959,35065,1032,C[116.010959]
154.09938,35028,1234,C/H/K[154.09938]
-17.974179,35026,160,D[-17.974179]
298.19328,34792,1669,K/N-term of peptide[298.19328]
1854.676296,34198,2694,N[1854.676296]
-30.010565,34113,104,S[-30.010565]
1970.824411,34053,2753,K[1970.824411]
212.00859,34041,1440,D/E/R[212.00859]
68.026215,33946,808,K[68.026215]
308.110732,33845,1710,S/T[308.110732]
46.020735,33693,690,T[46.020735]
70.005479,33647,813,K[70.005479]
49.020401,33458,705,N[49.020401]
1378.475686,33453,2443,N[1378.475686]
-28.990164,33302,112,Q[-28.990164]
-42.04695,33208,74,V[-42.04695]
13.979265,33008,365,R[13.979265]
94.967714,32967,921,Y[94.967714]
237.100108,32910,1569,C/K/N-term of protein[237.100108]
220.991213,32894,1494,K/N-term of peptide[220.991213]
28.042534,32868,521,Q[28.042534]
275.100502,32815,1632,A[275.100502]
24.0,32795,482,C[24.0]
-42.058184,32772,71,R[-42.058184]
586.279135,32500,1998,C[586.279135]
307.090331,32468,1706,N/S/T[307.090331]
27.047285,32318,499,T[27.047285]
348.193674,32057,1790,K/N-term of protein[348.193674]
-34.049727,32015,87,H[-34.049727]
60.054144,31954,785,C[60.054144]
-33.025486,31810,92,F[-33.025486]
57.057849,31712,759,A[57.057849]
72.021129,31667,829,H[72.021129]
940.284201,31286,2190,S/T[940.284201]
-18.010565,31125,158,T[-18.010565]
127.063329,31084,1080,K/N-term of peptide[127.063329]
-15.958529,31039,181,E[-15.958529]
29.974179,30989,531,Y[29.974179]
154.135765,30933,1239,S/T[154.135765]
76.0313,30920,844,K[76.0313]
28.990164,30876,523,Y[28.990164]
114.042927,30706,1022,T[114.042927]
164.060231,30639,1314,K/N-term of peptide/S/T/Y[164.060231]
132.057515,30318,1110,C/H/K/R/S/T/W[132.057515]
55.038828,30182,726,M[55.038828]
659.312423,30126,2040,S/Y[659.312423]
1038.375125,30055,2257,N/S/T[1038.375125]
294.183109,29930,1653,D[294.183109]
-43.017047,29812,69,R[-43.017047]
85.031634,29760,876,T[85.031634]
124.068498,29617,1070,N-term of peptide[124.068498]
80.985078,29597,870,R[80.985078]
4.00078,29545,295,K[4.00078]
168.0245,29431,1328,C[168.0245]
-76.0313,29384,19,Y[-76.0313]
55.053433,29323,727,T[55.053433]
107.979873,29316,971,S[107.979873]
316.203845,29303,1727,C/K/N-term of peptide[316.203845]
876.322301,29279,2165,N/S/T[876.322301]
134.048013,29192,1123,N-term of peptide[134.048013]
50.026883,29162,710,S[50.026883]
155.997631,29100,1248,K/S/T/Y[155.997631]
238.229666,29098,1573,C/K/N-term of protein/S/T[238.229666]
63.044462,29032,797,S/T[63.044462]
233.051049,28981,1552,K/N-term of peptide[233.051049]
18.973451,28806,460,K[18.973451]
133.052764,28768,1118,C/K/N-term of peptide[133.052764]
-15.010899,28700,183,S of protein[-15.010899]
947.323029,28675,2195,N/S/T[947.323029]
43.989829,28476,664,E[43.989829]
18.940436,28470,459,K[18.940436]
135.044916,28099,1125,S[135.044916]
66.021798,28068,805,A[66.021798]
149.02992,28068,1217,C/K/N-term of peptide[149.02992]
581.211328,27874,1994,K/N-term of peptide/Y[581.211328]
42.021798,27749,630,N-term of peptide[42.021798]
340.100562,27711,1780,K[340.100562]
89.026549,27701,906,P[89.026549]
516.170373,27671,1943,C-term of protein/E[516.170373]
106.00885,27665,964,C/H/K[106.00885]
33.025486,27662,568,N[33.025486]
32.041471,27654,563,D[32.041471]
30.010565,27617,537,G[30.010565]
29.974179,27289,532,W[29.974179]
305.068156,27117,1698,C[305.068156]
-18.010565,27031,146,S[-18.010565]
700.253828,26888,2065,N[700.253828]
778.274288,26846,2107,S/T[778.274288]
523.210069,26710,1945,C[523.210069]
291.095417,26664,1648,N/S/T[291.095417]
174.168569,26619,1352,C[174.168569]
933.343765,26438,2186,N/S/T[933.343765]
44.026215,26403,671,G[44.026215]
170.013281,26311,1336,H/K/R/S/T/Y[170.013281]
56.026215,26136,735,R[56.026215]
32.022844,25982,562,M[32.022844]
174.025169,25898,1351,C[174.025169]
56.0626,25765,743,K[56.0626]
242.101505,25739,1582,K[242.101505]
225.090212,25720,1513,C[225.090212]
30.010565,25597,539,K[30.010565]
70.041865,25575,816,H[70.041865]
267.158292,25558,1627,C[267.158292]
43.005814,25555,650,C[43.005814]
875.3019,25423,2162,S/T[875.3019]
1362.480772,25368,2432,N[1362.480772]
132.042259,25285,1107,S/T[132.042259]
11.032077,25177,341,R[11.032077]
148.089627,25128,1209,C[148.089627]
454.181212,25072,1895,K[454.181212]
892.317216,24958,2170,N/S/T[892.317216]
335.121631,24952,1771,S/T[335.121631]
184.07961,24904,1382,C[184.07961]
111.032028,24895,996,C[111.032028]
283.036187,24670,1642,S/T[283.036187]
27.958529,24589,502,W[27.958529]
125.047679,24543,1071,C[125.047679]
1129.390834,24342,2303,N[1129.390834]
122.013281,24287,1057,S/T/Y[122.013281]
34.968366,24249,586,K[34.968366]
38.01565,24217,604,K[38.01565]
54.010565,24202,721,R[54.010565]
44.026215,24109,669,C[44.026215]
214.971084,24021,1454,K/N-term of peptide[214.971084]
418.137616,24019,1856,C[418.137616]
120.034017,23853,1049,S/T/Y[120.034017]
96.057515,23776,928,K/N-term of protein[96.057515]
714.269478,23629,2081,N/S/T[714.269478]
130.079062,23583,1097,C[130.079062]
1054.370039,23546,2265,N[1054.370039]
324.105647,23482,1743,K/R/S/T[324.105647]
851.290667,23455,2151,N/S/T[851.290667]
15.010899,23405,398,Y[15.010899]
87.010899,23304,892,V[87.010899]
94.041865,23260,920,K[94.041865]
59.048347,23256,778,P[59.048347]
186.008196,23202,1385,K/S/T/Y[186.008196]
49.020401,23004,704,H[49.020401]
-60.036386,22969,34,F[-60.036386]
1184.433033,22904,2333,N/S/T[1184.433033]
-55.053433,22869,49,R[-55.053433]
138.104465,22796,1146,C/H/K[138.104465]
27.010899,22758,498,T[27.010899]
266.13068,22627,1624,C/M[266.13068]
162.080967,22517,1297,H/K/S/T/Y[162.080967]
-41.062935,22466,78,K[-41.062935]
-12.036386,22378,201,L[-12.036386]
-36.011233,22345,84,H[-36.011233]
7.034695,22339,326,P[7.034695]
-3.994915,22260,219,E of peptide[-3.994915]
111.041593,22147,1004,K/N-term of peptide[111.041593]
218.167065,21952,1485,C/H/K[218.167065]
316.138088,21949,1724,C[316.138088]
220.058303,21836,1491,S/T[220.058303]
69.069083,21820,812,S[69.069083]
121.035005,21736,1053,S/T[121.035005]
305.041287,21681,1695,S/T/Y[305.041287]
-57.03672,21637,43,W[-57.03672]
1907.714079,21587,2720,N[1907.714079]
308.148455,21545,1712,D/E[308.148455]
-129.057849,21530,2,W[-129.057849]
84.021129,21502,874,K[84.021129]
-31.042199,21380,100,K[-31.042199]
1850.692615,21374,2689,N/S/T[1850.692615]
41.074168,21370,619,D[41.074168]
234.16198,21253,1560,C/H/K[234.16198]
46.035672,21252,691,K[46.035672]
697.254162,21250,2060,S/T[697.254162]
-69.069083,21241,28,R[-69.069083]
27.047285,21184,500,S[27.047285]
-30.010565,21151,103,E[-30.010565]
-58.005479,21116,38,E[-58.005479]
527.18502,21103,1952,N/S/T[527.18502]
859.306985,21062,2154,S/T[859.306985]
272.250401,21026,1631,C[272.250401]
426.137341,20631,1864,S/T[426.137341]
170.048013,20601,1340,K/N-term of peptide[170.048013]
294.095082,20573,1651,S/T[294.095082]
87.068414,20533,899,K[87.068414]
66.010565,20268,803,P[66.010565]
11.033743,20241,342,C[11.033743]
90.04695,20233,907,G[90.04695]
159.068414,20124,1269,Q[159.068414]
-49.020401,20091,55,Y[-49.020401]
159.035399,20089,1268,N-term of protein[159.035399]
609.238118,19964,2014,S/T[609.238118]
9.032697,19947,334,F[9.032697]
1298.475961,19921,2400,N/S/T[1298.475961]
338.084912,19886,1773,S/T[338.084912]
43.989829,19835,662,K[43.989829]
70.005479,19778,815,C of protein[70.005479]
434.178299,19687,1870,K/S/T[434.178299]
175.042199,19670,1356,K/N-term of peptide[175.042199]
-12.036386,19648,200,V[-12.036386]
-85.063997,19600,15,R[-85.063997]
-30.010565,19430,105,T[-30.010565]
-53.091927,19422,51,R[-53.091927]
777.210976,19256,2105,S/T[777.210976]
32.056407,18763,564,K/N-term of protein/R[32.056407]
263.131014,18562,1615,C/M[263.131014]
860.327386,18561,2158,N/S/T[860.327386]
56.026215,18445,740,H[56.026215]
42.04695,18301,633,C-term of peptide[42.04695]
82.041865,18297,871,K[82.041865]
43.989829,18267,661,D[43.989829]
330.136176,18241,1764,K[330.136176]
-35.004751,18101,85,Y[-35.004751]
172.01289,18048,1344,N-term of protein[172.01289]
74.055944,18016,838,C[74.055944]
1339.50251,17936,2420,S/T[1339.50251]
231.02966,17912,1544,K[231.02966]
210.986535,17881,1438,K/N-term of peptide[210.986535]
753.199743,17872,2092,S/T[753.199743]
42.04695,17846,636,E[42.04695]
183.983029,17843,1381,N-term of peptide[183.983029]
-30.010565,17744,106,P[-30.010565]
456.069261,17734,1899,C[456.069261]
-44.008456,17724,66,M[-44.008456]
141.042593,17697,1161,C[141.042593]
452.245726,17694,1888,K/N-term of peptide[452.245726]
130.026609,17670,1096,C[130.026609]
600.250354,17649,2007,K[600.250354]
96.021129,17631,925,K[96.021129]
-18.973451,17591,141,F[-18.973451]
511.190105,17517,1938,N/S/T[511.190105]
802.285522,17506,2120,S/T[802.285522]
1622.581608,17502,2584,N/S/T[1622.581608]
89.011293,17468,905,H[89.011293]
845.403166,17404,2145,K[845.403166]
146.036779,17345,1204,C[146.036779]
917.34885,17320,2178,S/T[917.34885]
173.980921,17226,1350,N-term of protein[173.980921]
126.031694,17199,1074,K[126.031694]
332.19876,17195,1769,N-term of protein[332.19876]
36.07567,17160,591,K/N-term of protein/R[36.07567]
10.07488,17101,340,C[10.07488]
454.210387,17100,1896,C/K[454.210387]
495.19519,17007,1930,N[495.19519]
-34.020735,16844,88,Y[-34.020735]
-72.995249,16820,22,W[-72.995249]
1864.634157,16768,2699,N[1864.634157]
167.982375,16718,1327,K[167.982375]
672.298156,16711,2044,C[672.298156]
960.43011,16680,2205,K[960.43011]
471.207761,16674,1911,K[471.207761]
-106.041865,16625,6,Y[-106.041865]
265.146664,16582,1621,C[265.146664]
-40.006148,16508,81,H[-40.006148]
539.221405,16446,1956,S/T[539.221405]
43.953444,16440,659,W[43.953444]
19.042199,16419,463,H[19.042199]
43.989829,16416,660,M of protein[43.989829]
486.158471,16408,1921,N/S/T[486.158471]
343.031785,16381,1783,C/S[343.031785]
673.242928,16193,2046,S/T[673.242928]
1702.581333,16184,2619,N[1702.581333]
568.211569,16120,1980,N/S/T[568.211569]
-33.003705,15977,93,C of protein[-33.003705]
21.98435,15969,473,R[21.98435]
320.100836,15867,1733,K[320.100836]
13.031634,15847,359,S[13.031634]
616.221465,15755,2021,S/T[616.221465]
135.032028,15735,1124,Y[135.032028]
510.169704,15717,1935,S/T[510.169704]
1005.364894,15669,2231,S/T[1005.364894]
689.237843,15663,2053,N/S/T[689.237843]
108.021129,15640,977,K[108.021129]
1793.671151,15618,2662,N/S/T[1793.671151]
1978.659326,15604,2756,N[1978.659326]
210.198366,15599,1437,C/G of peptide/K[210.198366]
26.033409,15578,495,C[26.033409]
525.205755,15486,1949,S/T[525.205755]
251.036462,15447,1598,C[251.036462]
15.010899,15445,402,I[15.010899]
552.216654,15410,1974,N[552.216654]
812.31749,15334,2126,S/T[812.31749]
1708.618387,15292,2624,N[1708.618387]
710.383719,15283,2074,C[710.383719]
1037.354723,15256,2253,S/T[1037.354723]
771.290941,15219,2103,S/T[771.290941]
689.194932,15174,2051,S/T[689.194932]
41.062935,15125,618,S[41.062935]
939.2638,14990,2188,S/T[939.2638]
-49.979265,14944,54,Y[-49.979265]
26.01565,14917,494,A[26.01565]
-33.987721,14787,90,M[-33.987721]
25.060626,14778,486,M[25.060626]
1170.417383,14774,2323,N[1170.417383]
851.247756,14760,2150,S/T[851.247756]
-94.041865,14626,9,Y[-94.041865]
1914.654515,14587,2725,S/T[1914.654515]
2352.846,14573,2770,N/S/T[2352.846]
219.089543,14515,1486,C[219.089543]
453.14824,14480,1891,S/T[453.14824]
1015.396863,14459,2241,S/T[1015.396863]
-66.021798,14426,29,H[-66.021798]
31.935685,14384,543,K[31.935685]
169.048741,14369,1331,H[169.048741]
684.298156,14348,2048,C[684.298156]
744.243657,14325,2090,S/T[744.243657]
243.085521,14322,1583,K[243.085521]
-66.010565,14319,30,Y[-66.010565]
114.042927,14289,1021,H[114.042927]
1900.681776,14289,2718,N[1900.681776]
-62.01565,14271,32,Y[-62.01565]
57.03672,14270,758,E[57.03672]
698.274563,14264,2064,N[698.274563]
184.157563,14246,1383,C[184.157563]
343.149184,14245,1785,K[343.149184]
85.052764,14160,879,Y[85.052764]
138.06808,14159,1145,C[138.06808]
632.216379,14138,2027,S/T[632.216379]
170.036779,14123,1339,C/K[170.036779]
615.201064,13982,2017,S/T[615.201064]
1704.634706,13966,2622,N/S/T[1704.634706]
258.014069,13964,1607,K/N-term of peptide[258.014069]
1241.454497,13943,2366,N/S/T[1241.454497]
57.021464,13932,753,A[57.021464]
229.014009,13910,1536,K[229.014009]
60.003371,13842,781,A[60.003371]
494.174789,13826,1927,S/T[494.174789]
1710.597652,13815,2625,N[1710.597652]
1021.359809,13731,2243,N/S/T[1021.359809]
585.190499,13669,1997,S/T[585.190499]
-27.010899,13638,122,Q[-27.010899]
112.016044,13620,1008,K[112.016044]
761.258973,13604,2099,S/T[761.258973]
541.164284,13595,1968,S/T[541.164284]
148.037173,13585,1208,P[148.037173]
695.280074,13531,2058,M[695.280074]
703.253493,13490,2069,S/T[703.253493]
13.031634,13391,360,T[13.031634]
1200.427948,13288,2340,N/S/T[1200.427948]
404.062462,13265,1845,S/T[404.062462]
397.243753,13220,1843,K[397.243753]
-80.037448,13140,18,H[-80.037448]
78.04695,13114,852,K[78.04695]
728.177625,13087,2083,S/T[728.177625]
80.026215,13082,868,R[80.026215]
1430.51822,12958,2470,N[1430.51822]
25.085779,12894,487,C[25.085779]
105.021464,12886,956,K[105.021464]
220.182715,12763,1492,N-term of peptide[220.182715]
558.1796,12669,1976,S/T[558.1796]
420.051719,12652,1857,C-term of peptide/N-term of peptide[420.051719]
792.253553,12649,2114,S/T[792.253553]
-27.994915,12640,117,E[-27.994915]
572.181134,12522,1983,K/N-term of peptide/Y[572.181134]
23.015984,12490,476,Y[23.015984]
703.217108,12412,2066,S/T[703.217108]
1505.539015,12399,2516,N[1505.539015]
62.01565,12343,795,T[62.01565]
340.085794,12278,1779,S[340.085794]
1540.52851,12170,2540,N[1540.52851]
-63.994915,12102,31,Y[-63.994915]
96.021129,12027,926,N-term of protein[96.021129]
-23.974848,11988,132,H[-23.974848]
325.225309,11939,1749,C/H[325.225309]
1378.432776,11917,2442,N[1378.432776]
71.073499,11905,827,K[71.073499]
688.199683,11873,2049,K[688.199683]
-50.026883,11860,52,H[-50.026883]
90.084148,11840,908,C/Y[90.084148]
469.143155,11831,1903,S/T[469.143155]
421.073241,11821,1859,C/K/P/R/S[421.073241]
-21.987721,11785,136,M[-21.987721]
188.032956,11715,1389,K[188.032956]
59.04969,11692,779,K[59.04969]
1024.359475,11681,2248,N[1024.359475]
1120.428223,11677,2300,S/T[1120.428223]
846.311736,11671,2146,N[846.311736]
242.019154,11658,1580,S/T[242.019154]
698.238177,11586,2062,S/T[698.238177]
173.980921,11581,1349,K[173.980921]
404.071978,11567,1847,N/S/T[404.071978]
30.010565,11520,538,Y[30.010565]
849.275017,11423,2147,S/T[849.275017]
114.042927,11416,1023,C[114.042927]
818.280436,11381,2130,S/T[818.280436]
114.042927,11378,1024,R[114.042927]
1663.608157,11323,2601,N[1663.608157]
819.300837,11265,2132,S/T[819.300837]
817.260035,11211,2128,S/T[817.260035]
541.20067,11169,1970,S/T[541.20067]
38.039569,11139,605,R[38.039569]
332.19876,11107,1768,K[332.19876]
1866.68753,11062,2702,N[1866.68753]
-58.020735,10894,37,W[-58.020735]
907.316881,10810,2174,S/T[907.316881]
457.192111,10807,1901,K[457.192111]
713.249076,10798,2079,S/T[713.249076]
646.195644,10793,2031,S/T[646.195644]
1767.619116,10788,2648,N/S/T[1767.619116]
588.190165,10769,1999,S/T[588.190165]
287.055563,10754,1646,C[287.055563]
695.157878,10750,2056,S/T[695.157878]
440.152991,10735,1874,S/T[440.152991]
34.049727,10697,577,C[34.049727]
154.026609,10689,1230,R[154.026609]
470.163556,10681,1908,S/T[470.163556]
171.149738,10679,1342,C[171.149738]
306.025302,10652,1700,H/Y[306.025302]
48.084611,10640,703,K/N-term of peptide[48.084611]
-89.026549,10631,13,W[-89.026549]
484.228162,10605,1916,K[484.228162]
132.021129,10493,1105,Y[132.021129]
266.203451,10439,1625,K[266.203451]
118.068034,10327,1038,K[118.068034]
948.34343,10285,2197,S/T[948.34343]
240.11503,10271,1578,C[240.11503]
794.269203,10141,2118,S/T[794.269203]
157.019749,10086,1260,C[157.019749]
438.094051,10048,1872,S/T[438.094051]
469.228496,9982,1905,K[469.228496]
11.070128,9970,344,C[11.070128]
648.211294,9968,2034,S/T[648.211294]
5.028462,9903,309,R[5.028462]
1958.72364,9899,2746,N[1958.72364]
470.266839,9893,1909,C[470.266839]
1955.723975,9794,2744,N/S/T[1955.723975]
1022.38021,9769,2246,N/S/T[1022.38021]
820.336015,9684,2134,C[820.336015]
340.167459,9643,1781,C[340.167459]
712.136808,9642,2075,S/T[712.136808]
117.024835,9636,1036,K[117.024835]
42.04695,9593,637,K[42.04695]
1713.671426,9577,2626,S/T[1713.671426]
865.269931,9562,2160,S/T[865.269931]
915.252567,9554,2176,S/T[915.252567]
113.084064,9540,1013,C[113.084064]
736.184427,9509,2088,S/T[736.184427]
1997.698154,9418,2764,N[1997.698154]
25.049393,9403,485,C[25.049393]
970.301291,9392,2215,S/T[970.301291]
60.003371,9378,780,T[60.003371]
1312.455225,9377,2408,S/T[1312.455225]
119.037114,9310,1041,K[119.037114]
112.05243,9264,1009,K[112.05243]
310.047738,9245,1714,K[310.047738]
165.164326,9209,1322,N-term of peptide[165.164326]
322.020217,9200,1735,F/W/Y[322.020217]
824.243382,9146,2136,S/T[824.243382]
471.131802,9109,1910,K[471.131802]
445.089011,9093,1879,S/T[445.089011]
541.06111,9090,1962,C/D/E/K/N/R/S/Y[541.06111]
969.366232,9088,2213,C/K[969.366232]
236.214016,9079,1567,C/S/T[236.214016]
30.010565,9026,535,N[30.010565]
266.057909,8988,1622,R[266.057909]
961.302294,8984,2206,S/T[961.302294]
1079.401674,8889,2276,N/S/T[1079.401674]
-27.994915,8776,119,P[-27.994915]
14.01565,8774,376,V[14.01565]
607.141834,8714,2013,S/T[607.141834]
24.023919,8635,483,R[24.023919]
14.01565,8543,374,D[14.01565]
105.021464,8530,957,N-term of peptide[105.021464]
137.16403,8444,1142,K/N-term of peptide[137.16403]
1136.423137,8417,2306,N/S/T[1136.423137]
51.103441,8344,711,K/R[51.103441]
-85.031634,8302,16,W[-85.031634]
995.332925,8232,2225,S/T[995.332925]
964.338345,8179,2211,S/T[964.338345]
940.327112,8169,2192,S/T[940.327112]
1296.460311,8128,2395,S/T[1296.460311]
427.069202,8110,1866,C[427.069202]
227.224915,8103,1532,K/N-term of peptide[227.224915]
963.317944,8095,2209,S/T[963.317944]
997.305665,8085,2226,S/T[997.305665]
1095.396588,8060,2285,N/S/T[1095.396588]
41.026549,7964,617,K[41.026549]
-37.990498,7919,83,H[-37.990498]
810.221207,7913,2122,S/T[810.221207]
107.077339,7888,970,M[107.077339]
120.050417,7887,1051,K[120.050417]
1143.406484,7886,2309,S/T[1143.406484]
76.0313,7884,842,S[76.0313]
648.168383,7774,2033,S/T[648.168383]
1063.406759,7756,2271,S/T[1063.406759]
834.275351,7695,2140,S/T[834.275351]
14.01565,7650,389,E[14.01565]
416.147118,7649,1855,Y[416.147118]
1427.518554,7605,2467,S/T[1427.518554]
486.11556,7583,1917,S/T[486.11556]
2059.734933,7537,2765,N[2059.734933]
1428.538955,7537,2468,S/T[1428.538955]
321.205242,7518,1734,C[321.205242]
132.021129,7466,1106,R[132.021129]
76.0313,7463,843,A[76.0313]
-18.010565,7457,155,C of peptide[-18.010565]
572.19525,7454,1984,S/T[572.19525]
160.037173,7406,1272,R[160.037173]
1282.481046,7402,2382,N/S/T[1282.481046]
-87.010899,7373,14,W[-87.010899]
44.026215,7365,672,R[44.026215]
411.259403,7361,1852,K[411.259403]
794.226292,7346,2117,S/T[794.226292]
810.264117,7284,2124,S/T[810.264117]
267.031377,7262,1626,C[267.031377]
345.047435,7242,1786,H/K[345.047435]
28.046104,7228,522,R[28.046104]
454.088965,7227,1894,C/H[454.088965]
168.187801,7211,1330,N-term of peptide[168.187801]
1702.538423,7063,2618,N[1702.538423]
-18.010565,7040,157,Y[-18.010565]
1214.407213,6966,2348,S/T[1214.407213]
14.01565,6958,386,L[14.01565]
1443.538621,6953,2475,S/T[1443.538621]
111.032028,6906,999,K[111.032028]
929.231831,6811,2182,S/T[929.231831]
57.021464,6723,750,T[57.021464]
1203.577168,6626,2342,K[1203.577168]
1856.655561,6614,2695,N[1856.655561]
1062.386358,6586,2268,S/T[1062.386358]
1186.412298,6580,2336,N[1186.412298]
1161.454772,6556,2317,S/T[1161.454772]
821.280102,6510,2135,N[821.280102]
1386.492005,6506,2444,S/T[1386.492005]
327.240959,6493,1752,C/H[327.240959]
1995.730123,6477,2762,N[1995.730123]
1031.344159,6433,2252,S/T[1031.344159]
-34.968366,6359,86,Y[-34.968366]
-72.036386,6320,23,W[-72.036386]
17.03448,6300,441,C-term of peptide[17.03448]
72.062555,6294,834,K[72.062555]
-83.070128,6289,17,W[-83.070128]
979.312859,6231,2219,S/T[979.312859]
-55.038828,6220,50,W[-55.038828]
1722.634037,6152,2628,N[1722.634037]
30.010565,6147,536,W[30.010565]
122.036779,6124,1058,K[122.036779]
890.230448,6121,2169,S/T[890.230448]
28.0313,6087,510,E[28.0313]
1390.439301,6079,2451,S/T[1390.439301]
835.295752,6061,2144,S/T[835.295752]
14.01565,5942,377,I[14.01565]
-15.010899,5868,184,K[-15.010899]
44.059229,5866,673,C[44.059229]
1257.449412,5852,2373,N/S/T[1257.449412]
1061.310475,5835,2267,S/T[1061.310475]
1200.385037,5799,2338,S/T[1200.385037]
1013.34349,5796,2239,N/S/T[1013.34349]
1052.354389,5772,2263,S/T[1052.354389]
264.187801,5770,1619,K[264.187801]
-46.005479,5738,62,C-term of peptide[-46.005479]
1256.454163,5733,2371,S/T[1256.454163]
1581.555059,5611,2561,N[1581.555059]
2350.83035,5609,2769,N[2350.83035]
1353.481775,5601,2431,S/T[1353.481775]
989.333594,5595,2223,S/T[989.333594]
1705.73189,5594,2623,K[1705.73189]
1321.411312,5591,2412,S/T[1321.411312]
1872.650475,5590,2704,N[1872.650475]
1093.380938,5580,2282,S/T[1093.380938]
122.057126,5524,1059,K[122.057126]
-49.020401,5520,56,W[-49.020401]
1151.422803,5500,2313,S/T[1151.422803]
1324.6308,5407,2413,K[1324.6308]
1027.322755,5348,2249,S/T[1027.322755]
1807.569782,5334,2670,N[1807.569782]
1444.53387,5326,2479,N/S/T[1444.53387]
1573.576463,5319,2555,S/T[1573.576463]
1011.32784,5216,2233,S/T[1011.32784]
1402.48692,5207,2457,S/T[1402.48692]
46.083939,5175,692,R[46.083939]
-18.023584,5173,143,C of peptide[-18.023584]
1127.41157,5134,2302,S/T[1127.41157]
86.036779,5104,891,Q[86.036779]
1621.586359,5093,2582,S/T[1621.586359]
1008.36456,5092,2232,N[1008.36456]
1286.40319,5076,2386,S/T[1286.40319]
1230.359217,5050,2356,S/T[1230.359217]
163.030314,5015,1306,H[163.030314]
1110.396254,4997,2292,S/T[1110.396254]
306.171876,4980,1705,R[306.171876]
1605.591444,4961,2571,S/T[1605.591444]
956.322026,4943,2202,S/T[956.322026]
1296.389194,4923,2393,N[1296.389194]
26.01565,4922,492,K[26.01565]
1272.449077,4909,2378,S/T[1272.449077]
1078.381273,4899,2273,S/T[1078.381273]
1864.67188,4895,2700,S/T[1864.67188]
783.141486,4885,2108,C/H/Y[783.141486]
1208.444267,4860,2343,S/T[1208.444267]
1402.512072,4858,2458,S/T[1402.512072]
1938.708659,4817,2738,N/S/T[1938.708659]
1168.438119,4806,2322,S/T[1168.438119]
1889.62288,4766,2708,N[1889.62288]
1346.485857,4756,2429,N/S/T[1346.485857]
986.296206,4751,2220,S/T[986.296206]
290.176961,4745,1647,R[290.176961]
159.008578,4743,1266,W[159.008578]
161.032422,4694,1277,H[161.032422]
1679.628224,4681,2607,S/T[1679.628224]
835.259366,4670,2141,S/T[835.259366]
282.052824,4633,1641,R[282.052824]
1501.555334,4609,2515,N/S/T[1501.555334]
42.04695,4601,641,G[42.04695]
144.042259,4580,1170,R[144.042259]
1987.713804,4571,2758,N[1987.713804]
1647.613242,4533,2592,N/S/T[1647.613242]
106.041865,4528,967,K[106.041865]
1482.77,4493,2503,C[1482.77]
-23.015984,4485,134,W[-23.015984]
189.188947,4480,1392,C[189.188947]
178.047738,4475,1375,K/N-term of peptide[178.047738]
1313.475627,4450,2410,S/T[1313.475627]
1167.417718,4447,2320,S/T[1167.417718]
1606.586693,4447,2573,N/S/T[1606.586693]
57.021464,4442,745,Y[57.021464]
1897.68211,4414,2710,N/S/T[1897.68211]
783.173922,4403,2112,S/T[783.173922]
70.005479,4402,814,V of protein[70.005479]
44.026215,4324,670,K[44.026215]
1540.485599,4286,2539,N[1540.485599]
1574.596864,4258,2558,S/T[1574.596864]
42.04695,4215,640,D[42.04695]
1240.434096,4206,2362,S/T[1240.434096]
152.988449,4177,1228,W[152.988449]
1631.618328,4176,2586,S/T[1631.618328]
14.01565,4172,387,Q[14.01565]
956.279116,4172,2199,S/T[956.279116]
1547.524427,4144,2542,S/T[1547.524427]
1843.660312,4142,2686,N[1843.660312]
1548.544828,4137,2545,N/S/T[1548.544828]
68.037448,4133,809,K[68.037448]
972.283547,4125,2216,N[972.283547]
1150.402402,4086,2312,S/T[1150.402402]
1376.460036,4078,2440,S/T[1376.460036]
1590.591779,4035,2565,N/S/T[1590.591779]
1013.300579,4034,2235,S/T[1013.300579]
1238.418446,4011,2361,S/T[1238.418446]
1255.433762,4007,2369,S/T[1255.433762]
1522.554331,4000,2524,S/T[1522.554331]
204.187801,3985,1424,C[204.187801]
1387.512406,3933,2448,N/S/T[1387.512406]
881.146904,3923,2167,S[881.146904]
1052.283272,3875,2262,S/T[1052.283272]
1264.389848,3861,2376,S/T[1264.389848]
1141.365682,3855,2307,S/T[1141.365682]
1224.439181,3849,2350,S/T[1224.439181]
1101.316623,3846,2286,S/T[1101.316623]
1370.49709,3827,2433,S/T[1370.49709]
1840.660646,3825,2685,N[1840.660646]
14.01565,3819,383,S[14.01565]
2135.920496,3808,2767,K[2135.920496]
71.037114,3753,820,G[71.037114]
765.09956,3745,2101,C[765.09956]
594.091928,3733,2002,K[594.091928]
-39.010899,3680,82,W[-39.010899]
1694.602737,3662,2613,N/S/T[1694.602737]
1237.342563,3661,2358,S/T[1237.342563]
185.189198,3659,1384,Q[185.189198]
493.116152,3642,1926,Y[493.116152]
1898.702511,3609,2713,N/S/T[1898.702511]
1330.490942,3600,2416,S/T[1330.490942]
1645.516959,3576,2591,N[1645.516959]
1751.624201,3521,2638,N/S/T[1751.624201]
144.042259,3513,1171,C[144.042259]
1677.587422,3498,2604,S/T[1677.587422]
106.041865,3485,966,H[106.041865]
456.104615,3483,1900,C[456.104615]
1686.543508,3437,2610,N[1686.543508]
634.662782,3432,2029,C[634.662782]
122.073165,3395,1060,K[122.073165]
86.036779,3357,890,C[86.036779]
1418.506986,3337,2461,S/T[1418.506986]
1175.353403,3315,2326,N/S/T[1175.353403]
1297.480712,3310,2397,S/T[1297.480712]
14.01565,3269,375,G[14.01565]
-17.026549,3251,166,S of protein[-17.026549]
1735.629286,3246,2633,N[1735.629286]
1329.470541,3241,2414,S/T[1329.470541]
1118.37485,3236,2297,S/T[1118.37485]
452.034807,3232,1887,C[452.034807]
1839.640245,3228,2684,N[1839.640245]
1085.321709,3209,2277,S/T[1085.321709]
1592.571043,3206,2568,N[1592.571043]
1662.700924,3194,2600,K[1662.700924]
1517.5754,3183,2522,S/T[1517.5754]
1920.617461,3183,2727,N[1920.617461]
1889.665791,3142,2709,N[1889.665791]
1458.513134,3135,2488,S/T[1458.513134]
2861.000054,3119,2773,N[2861.000054]
1389.491671,3111,2449,N[1389.491671]
1825.660981,3083,2681,N/S/T[1825.660981]
1784.634431,3082,2659,N/S/T[1784.634431]
1118.331939,3078,2296,N/S/T[1118.331939]
1637.581274,3034,2588,N[1637.581274]
1880.666794,3033,2705,N[1880.666794]
57.021464,3027,748,D[57.021464]
132.068748,3025,1116,K[132.068748]
1681.607488,2991,2609,N[1681.607488]
1665.612574,2990,2602,N[1665.612574]
1564.564895,2978,2550,S/T[1564.564895]
1643.501309,2938,2590,S/T[1643.501309]
1757.544236,2935,2647,S/T[1757.544236]
57.021464,2932,751,E[57.021464]
1305.416397,2931,2404,S/T[1305.416397]
1159.358488,2921,2315,S/T[1159.358488]
1823.64533,2918,2675,S/T[1823.64533]
1278.369113,2871,2380,S/T[1278.369113]
1538.469949,2842,2538,S/T[1538.469949]
1588.452584,2841,2563,S/T[1588.452584]
224.250401,2825,1512,N-term of peptide[224.250401]
1806.630015,2818,2668,S/T[1806.630015]
28.0313,2809,517,R[28.0313]
1490.502964,2805,2506,S/T[1490.502964]
1499.501961,2787,2512,N[1499.501961]
1911.53783,2769,2722,S/T[1911.53783]
1371.517491,2763,2436,S/T[1371.517491]
-48.003371,2754,58,M of peptide[-48.003371]
1460.528784,2718,2492,N/S/T[1460.528784]
1515.534598,2704,2518,S/T[1515.534598]
1881.687195,2680,2706,N[1881.687195]
1424.427021,2673,2465,S/T[1424.427021]
1564.539743,2671,2548,N[1564.539743]
1288.401081,2663,2387,S/T[1288.401081]
1700.461172,2659,2617,N[1700.461172]
1175.396314,2652,2327,N[1175.396314]
1403.507321,2647,2460,N[1403.507321]
1449.501567,2643,2483,S/T[1449.501567]
1247.374532,2642,2367,S/T[1247.374532]
1752.644602,2641,2643,N/S/T[1752.644602]
1482.443734,2613,2502,S/T[1482.443734]
-29.992806,2611,108,M of peptide[-29.992806]
1531.529513,2608,2528,S/T[1531.529513]
1738.628952,2608,2635,N[1738.628952]
283.045704,2605,1644,S/T[283.045704]
1698.374404,2583,2616,S/T[1698.374404]
1183.412632,2574,2331,S[1183.412632]
1003.232225,2556,2229,S/T[1003.232225]
445.098527,2542,1880,S/T[445.098527]
1294.364027,2528,2392,S/T[1294.364027]
1091.284655,2516,2280,S/T[1091.284655]
1497.4434,2510,2510,S/T[1497.4434]
1900.583852,2507,2717,S/T[1900.583852]
1050.16311,2504,2260,S/T[1050.16311]
1392.41204,2500,2453,S/T[1392.41204]
1768.639517,2480,2653,N[1768.639517]
1304.395996,2466,2402,S/T[1304.395996]
1809.666066,2465,2671,N[1809.666066]
1393.432441,2447,2455,S/T[1393.432441]
1860.427228,2444,2697,S/T[1860.427228]
1755.546345,2431,2645,S/T[1755.546345]
1864.548335,2416,2698,N[1864.548335]
1332.470207,2400,2418,N[1332.470207]
1620.602343,2387,2579,N[1620.602343]
1686.586419,2376,2611,N[1686.586419]
1576.576129,2339,2559,N[1576.576129]
1868.691946,2308,2703,N[1868.691946]
1102.337025,2301,2288,S/T[1102.337025]
1345.465456,2289,2423,N[1345.465456]
1442.394675,2289,2474,S/T[1442.394675]
1448.456013,2278,2480,S/T[1448.456013]
576.511761,2265,1990,C[576.511761]
1466.44882,2257,2496,S/T[1466.44882]
14.01565,2249,385,N[14.01565]
1968.682838,2242,2747,S/T[1968.682838]
1419.502235,2241,2463,N[1419.502235]
1474.508049,2231,2500,S/T[1474.508049]
1450.453905,2213,2485,S/T[1450.453905]
1183.412632,2194,2332,T[1183.412632]
309.205242,2188,1713,C-term of peptide[309.205242]
1901.505861,2179,2719,N[1901.505861]
1182.293839,2170,2328,S/T[1182.293839]
1854.614759,2162,2693,S/T[1854.614759]
14.01565,2141,379,T[14.01565]
1805.554132,2112,2667,S/T[1805.554132]
1533.570315,2107,2532,S/T[1533.570315]
1516.554999,2077,2520,S/T[1516.554999]
1589.571378,2054,2564,N[1589.571378]
1884.686861,2040,2707,N[1884.686861]
1491.523365,2011,2508,S/T[1491.523365]
1459.533535,2008,2490,S/T[1459.533535]
1373.496756,2003,2437,N[1373.496756]
34.068961,2002,585,K/N-term of peptide[34.068961]
1535.549579,2001,2534,N[1535.549579]
1659.496223,1945,2596,S/T[1659.496223]
1678.607823,1933,2605,S/T[1678.607823]
2092.745164,1932,2766,N[2092.745164]
1734.510493,1898,2631,S/T[1734.510493]
1727.570057,1895,2629,N[1727.570057]
1593.493521,1877,2570,S/T[1593.493521]
14.01565,1856,378,R[14.01565]
1549.56523,1842,2546,N[1549.56523]
1374.268757,1837,2439,S/T[1374.268757]
1467.469221,1834,2498,S/T[1467.469221]
1971.718889,1803,2754,N[1971.718889]
1551.544494,1802,2547,N[1551.544494]
1782.655167,1794,2655,N[1782.655167]
-29.978202,1772,109,W[-29.978202]
1524.533595,1758,2527,N[1524.533595]
-57.98435,1733,41,W[-57.98435]
1784.591521,1707,2656,N[1784.591521]
1440.421936,1685,2471,S/T[1440.421936]
1797.593295,1676,2665,S/T[1797.593295]
1743.564972,1671,2636,N[1743.564972]
1519.554665,1668,2523,N[1519.554665]
1183.412632,1654,2330,N[1183.412632]
1661.52139,1645,2598,N[1661.52139]
1581.512148,1629,2560,N[1581.512148]
43.005814,1590,646,N-term of protein[43.005814]
-17.026549,1567,165,T of protein[-17.026549]
1494.52303,1566,2509,N[1494.52303]
1346.442946,1550,2426,S/T[1346.442946]
1536.321581,1549,2536,S/T[1536.321581]
1620.442414,1533,2577,S/T[1620.442414]
206.167065,1524,1425,G of protein[206.167065]
1532.549914,1523,2530,S/T[1532.549914]
1774.559552,1514,2654,N[1774.559552]
1823.574213,1459,2673,N[1823.574213]
1651.596924,1451,2595,N[1651.596924]
57.021464,1440,754,K[57.021464]
1991.494645,1433,2760,S/T[1991.494645]
1824.665732,1398,2678,S/T[1824.665732]
453.212452,1354,1892,C-term of peptide[453.212452]
1767.644268,1351,2651,S/T[1767.644268]
1946.687255,1326,2739,N[1946.687255]
1524.490684,1296,2526,N[1524.490684]
57.021464,1295,746,S[57.021464]
1736.649688,1269,2634,N[1736.649688]
1792.65075,1261,2660,N[1792.65075]
28.0313,1179,518,A[28.0313]
1458.442017,1177,2486,N[1458.442017]
1928.713076,1174,2731,N[1928.713076]
1969.622606,1172,2749,N[1969.622606]
14.01565,1168,380,C[14.01565]
1832.601417,1164,2683,N[1832.601417]
1212.215934,1159,2345,S/T[1212.215934]
1483.464135,1141,2504,N[1483.464135]
1996.750524,1138,2763,N[1996.750524]
1826.681382,1128,2682,N[1826.681382]
386.110369,1121,1835,C-term of protein[386.110369]
1954.703574,1120,2741,N[1954.703574]
1821.549047,1119,2672,N[1821.549047]
1930.64943,1117,2733,N[1930.64943]
57.021464,1092,752,G[57.021464]
1928.553146,1061,2730,N[1928.553146]
1661.554784,1048,2599,N[1661.554784]
1930.69234,1020,2734,N[1930.69234]
1565.560144,1019,2551,N[1565.560144]
1743.607882,1000,2637,N[1743.607882]
1620.494841,981,2578,N[1620.494841]
1848.596331,979,2687,N[1848.596331]
14.01565,944,382,K[14.01565]
57.021464,928,749,H[57.021464]
1969.703239,918,2751,S/T[1969.703239]
3549.536568,894,2774,K[3549.536568]
123.00853,884,1063,C-term of protein[123.00853]
1927.532745,875,2728,S/T[1927.532745]
1929.671939,835,2732,N[1929.671939]
1848.639242,812,2688,N[1848.639242]
1987.670893,808,2757,N[1987.670893]
1727.612968,742,2630,N[1727.612968]
1345.465456,720,2424,T[1345.465456]
28.0313,704,515,K[28.0313]
1977.638925,687,2755,N[1977.638925]
324.035867,675,1739,K of peptide/R of peptide[324.035867]
1345.465456,665,2422,S[1345.465456]
1936.612375,644,2735,N[1936.612375]
1952.60729,631,2740,N[1952.60729]
263.237491,613,1616,C-term of peptide[263.237491]
114.042927,587,1018,N-term of protein[114.042927]
14.01565,568,381,H[14.01565]
1993.633839,548,2761,N[1993.633839]
1458.475412,530,2487,N[1458.475412]
28.0313,516,519,N[28.0313]
208.182715,507,1426,G of protein[208.182715]
831.197041,499,2138,C-term of protein[831.197041]
1955.687589,473,2742,N[1955.687589]
58.005479,466,767,G[58.005479]
1823.607608,431,2674,N[1823.607608]
57.021464,397,747,M[57.021464]
14.01565,377,388,N-term of peptide[14.01565]
45.987721,360,687,G[45.987721]
159.035399,354,1267,K[159.035399]
42.021798,340,629,C[42.021798]
368.344302,335,1821,C-term of protein[368.344302]
-58.005479,315,39,G of peptide[-58.005479]
58.005479,222,762,K[58.005479]
15.994915,210,423,G of peptide[15.994915]
28.0313,208,511,C[28.0313]
-18.010565,197,156,Q of protein[-18.010565]
220.182715,191,1493,C[220.182715]
45.987721,136,689,D[45.987721]
28.0313,130,513,N-term of protein[28.0313]
56.0626,129,741,G[56.0626]
71.037114,124,822,K[71.037114]
42.04695,105,639,R[42.04695]
107.997631,102,972,S[107.997631]
98.073165,89,933,K[98.073165]
107.997631,86,973,T[107.997631]
129.042593,80,1091,E[129.042593]
45.987721,75,688,N[45.987721]
219.089543,66,1488,K[219.089543]
107.997631,62,975,K[107.997631]
107.997631,51,974,Y[107.997631]
40.0313,51,611,K[40.0313]
1969.632122,37,2750,N[1969.632122]
58.005479,32,761,W[58.005479]
40.0313,21,612,H[40.0313]
15.977156,16,407,G of protein[15.977156]
-18.010565,14,153,N of protein[-18.010565]
45.987721,13,684,K[45.987721]
332.19876,11,1770,C[332.19876]
788.725777,6,2113,C of protein[788.725777]
